,0
skincar,1955
rt,1628
skin,1233
product,801
beauti,750
amp,502
bodi,454
get,437
soap,427
natur,413
cream,400
face,310
care,301
bar,301
gift,299
free,281
make,280
libertysoap,275
holiday,258
look,248
oil,248
new,222
vegan,217
butter,213
makeup,212
hair,206
organ,205
buy,205
vitamin,201
special,197
love,196
christma,188
skincareroutin,175
help,175
best,174
hey,169
incred,169
day,166
shop,166
sale,166
naturalskincar,165
includ,158
acid,157
moistur,154
cold,153
mask,150
win,146
shave,142
elidaskincar,134
bump,94
